{
	    noTabNumber: 24,
		memoMaxLength:16,
		customValueMaxLength:16,
		tips:"选择标准颜色可增加搜索/导购机会，标准颜色还可填写颜色备注信息（偏深、偏亮等）！<a href='//bangpai.taobao.com/group/thread/16400604-292116839.htm' target='_blank'>查看详情",
		bluetips:"",
	  	"group":[{"groupId":19547332,"text":"白色系","rgb":"#ffffff","items":[{"pid":1627207,"vid":28321,"text":"乳白色","imgthumb":"","imgurl":"","rgb":"#fffbf0","checked":false,"note":"","noteOn":true},{"pid":1627207,"vid":28320,"text":"白色","imgthumb":"","imgurl":"","rgb":"","checked":false,"note":"","noteOn":true},{"pid":1627207,"vid":4266701,"text":"米白色","imgthumb":"","imgurl":"","rgb":"#eedeb0","checked":false,"note":"","noteOn":true}]},{"groupId":8121627,"text":"灰色系","rgb":"#808080","items":[{"pid":1627207,"vid":28332,"text":"浅灰色","imgthumb":"","imgurl":"","rgb":"#e4e4e4","checked":false,"note":"","noteOn":true},{"pid":1627207,"vid":3232478,"text":"深灰色","imgthumb":"","imgurl":"","rgb":"#666666","checked":false,"note":"","noteOn":true},{"pid":1627207,"vid":28334,"text":"灰色","imgthumb":"","imgurl":"","rgb":"#808080","checked":false,"note":"","noteOn":true},{"pid":1627207,"vid":28330,"text":"银色","imgthumb":"","imgurl":"","rgb":"#c0c0c0","checked":false,"note":"","noteOn":true}]},{"groupId":3516042,"text":"黑色系","rgb":"#000000","items":[{"pid":1627207,"vid":28341,"text":"黑色","imgthumb":"","imgurl":"","rgb":"#000000","checked":false,"note":"","noteOn":true}]},{"groupId":3325939,"text":"红色系","rgb":"#ff0000","items":[{"pid":1627207,"vid":4950473,"text":"桔红色","imgthumb":"","imgurl":"","rgb":"#ff7500","checked":false,"note":"","noteOn":true},{"pid":1627207,"vid":3594022,"text":"玫红色","imgthumb":"","imgurl":"","rgb":"#df1b76","checked":false,"note":"","noteOn":true},{"pid":1627207,"vid":3232480,"text":"粉红色","imgthumb":"","imgurl":"","rgb":"#ffb6c1","checked":false,"note":"","noteOn":true},{"pid":1627207,"vid":28326,"text":"红色","imgthumb":"","imgurl":"","rgb":"#ff0000","checked":false,"note":"","noteOn":true},{"pid":1627207,"vid":4464174,"text":"藕色","imgthumb":"","imgurl":"","rgb":"#eed0d8","checked":false,"note":"","noteOn":true},{"pid":1627207,"vid":3743025,"text":"西瓜红","imgthumb":"","imgurl":"","rgb":"#f05654","checked":false,"note":"","noteOn":true},{"pid":1627207,"vid":28327,"text":"酒红色","imgthumb":"","imgurl":"","rgb":"#990000","checked":false,"note":"","noteOn":true}]},{"groupId":3427736,"text":"黄色系","rgb":"#ffff00","items":[{"pid":1627207,"vid":28331,"text":"卡其色","imgthumb":"","imgurl":"","rgb":"#c3b091","checked":false,"note":"","noteOn":true},{"pid":1627207,"vid":15409374,"text":"姜黄色","imgthumb":"","imgurl":"","rgb":"#ffc773","checked":false,"note":"","noteOn":true},{"pid":1627207,"vid":20412615,"text":"明黄色","imgthumb":"","imgurl":"","rgb":"#ffff01","checked":false,"note":"","noteOn":true},{"pid":1627207,"vid":30155,"text":"杏色","imgthumb":"","imgurl":"","rgb":"#f7eed6","checked":false,"note":"","noteOn":true},{"pid":1627207,"vid":132476,"text":"柠檬黄","imgthumb":"","imgurl":"","rgb":"#ffec43","checked":false,"note":"","noteOn":true},{"pid":1627207,"vid":90554,"text":"桔色","imgthumb":"","imgurl":"","rgb":"#ffa500","checked":false,"note":"","noteOn":true},{"pid":1627207,"vid":60092,"text":"浅黄色","imgthumb":"","imgurl":"","rgb":"#faff72","checked":false,"note":"","noteOn":true},{"pid":1627207,"vid":6134424,"text":"荧光黄","imgthumb":"","imgurl":"","rgb":"#eaff56","checked":false,"note":"","noteOn":true},{"pid":1627207,"vid":28328,"text":"金色","imgthumb":"","imgurl":"","rgb":"#ffd700","checked":false,"note":"","noteOn":true},{"pid":1627207,"vid":130166,"text":"香槟色","imgthumb":"","imgurl":"","rgb":"","checked":false,"note":"","noteOn":true},{"pid":1627207,"vid":28324,"text":"黄色","imgthumb":"","imgurl":"","rgb":"#ffff00","checked":false,"note":"","noteOn":true}]},{"groupId":6303197,"text":"绿色系","rgb":"#008000","items":[{"pid":1627207,"vid":3232483,"text":"军绿色","imgthumb":"","imgurl":"","rgb":"#5d762a","checked":false,"note":"","noteOn":true},{"pid":1627207,"vid":80557,"text":"墨绿色","imgthumb":"","imgurl":"","rgb":"#'057748","checked":false,"note":"","noteOn":true},{"pid":1627207,"vid":30156,"text":"浅绿色","imgthumb":"","imgurl":"","rgb":"#98fb98","checked":false,"note":"","noteOn":true},{"pid":1627207,"vid":28335,"text":"绿色","imgthumb":"","imgurl":"","rgb":"#008000","checked":false,"note":"","noteOn":true},{"pid":1627207,"vid":8588036,"text":"翠绿色","imgthumb":"","imgurl":"","rgb":"#0aa344","checked":false,"note":"","noteOn":true},{"pid":1627207,"vid":6535235,"text":"荧光绿","imgthumb":"","imgurl":"","rgb":"#23fa07","checked":false,"note":"","noteOn":true},{"pid":1627207,"vid":3455405,"text":"青色","imgthumb":"","imgurl":"","rgb":"#00e09e","checked":false,"note":"","noteOn":true}]},{"groupId":3547657,"text":"蓝色系","rgb":"#0000fe","items":[{"pid":1627207,"vid":3232484,"text":"天蓝色","imgthumb":"","imgurl":"","rgb":"#44cef6","checked":false,"note":"","noteOn":true},{"pid":1627207,"vid":5138330,"text":"孔雀蓝","imgthumb":"","imgurl":"","rgb":"#00a4c5","checked":false,"note":"","noteOn":true},{"pid":1627207,"vid":3707775,"text":"宝蓝色","imgthumb":"","imgurl":"","rgb":"#4b5cc4","checked":false,"note":"","noteOn":true},{"pid":1627207,"vid":28337,"text":"浅蓝色","imgthumb":"","imgurl":"","rgb":"#d2f0f4","checked":false,"note":"","noteOn":true},{"pid":1627207,"vid":28340,"text":"深蓝色","imgthumb":"","imgurl":"","rgb":"#041690","checked":false,"note":"","noteOn":true},{"pid":1627207,"vid":5483105,"text":"湖蓝色","imgthumb":"","imgurl":"","rgb":"#30dff3","checked":false,"note":"","noteOn":true},{"pid":1627207,"vid":28338,"text":"蓝色","imgthumb":"","imgurl":"","rgb":"#0000fe","checked":false,"note":"","noteOn":true},{"pid":1627207,"vid":28866,"text":"藏青色","imgthumb":"","imgurl":"","rgb":"#2e4e7e","checked":false,"note":"","noteOn":true}]},{"groupId":3560058,"text":"紫色系","rgb":"#800080","items":[{"pid":1627207,"vid":4104877,"text":"浅紫色","imgthumb":"","imgurl":"","rgb":"#ede0e6","checked":false,"note":"","noteOn":true},{"pid":1627207,"vid":3232479,"text":"深紫色","imgthumb":"","imgurl":"","rgb":"#430653","checked":false,"note":"","noteOn":true},{"pid":1627207,"vid":5167321,"text":"紫红色","imgthumb":"","imgurl":"","rgb":"#8b0062","checked":false,"note":"","noteOn":true},{"pid":1627207,"vid":80882,"text":"紫罗兰","imgthumb":"","imgurl":"","rgb":"#b7ace4","checked":false,"note":"","noteOn":true},{"pid":1627207,"vid":28329,"text":"紫色","imgthumb":"","imgurl":"","rgb":"#800080","checked":false,"note":"","noteOn":true}]},{"groupId":5497335,"text":"棕色系","rgb":"#7c4b00","items":[{"pid":1627207,"vid":129819,"text":"咖啡色","imgthumb":"","imgurl":"","rgb":"#603912","checked":false,"note":"","noteOn":true},{"pid":1627207,"vid":3232481,"text":"巧克力色","imgthumb":"","imgurl":"","rgb":"#d2691e","checked":false,"note":"","noteOn":true},{"pid":1627207,"vid":6071353,"text":"栗色","imgthumb":"","imgurl":"","rgb":"#60281e","checked":false,"note":"","noteOn":true},{"pid":1627207,"vid":30158,"text":"浅棕色","imgthumb":"","imgurl":"","rgb":"#b35c44","checked":false,"note":"","noteOn":true},{"pid":1627207,"vid":3232482,"text":"深卡其布色","imgthumb":"","imgurl":"","rgb":"#bdb76b","checked":false,"note":"","noteOn":true},{"pid":1627207,"vid":6588790,"text":"深棕色","imgthumb":"","imgurl":"","rgb":"#7c4b00","checked":false,"note":"","noteOn":true},{"pid":1627207,"vid":132069,"text":"褐色","imgthumb":"","imgurl":"","rgb":"#855b00","checked":false,"note":"","noteOn":true},{"pid":1627207,"vid":3224419,"text":"驼色","imgthumb":"","imgurl":"","rgb":"#a88462","checked":false,"note":"","noteOn":true}]},{"groupId":14089179,"text":"花色系","rgb":"assortment","items":[{"pid":1627207,"vid":130164,"text":"花色","imgthumb":"","imgurl":"","rgb":"","checked":false,"note":"","noteOn":true}]},{"groupId":15495009,"text":"透明系","rgb":"transparent","items":[{"pid":1627207,"vid":107121,"text":"透明","imgthumb":"","imgurl":"","rgb":"transparent","checked":false,"note":"","noteOn":true}]}],"custom":[{"pid":1627207,"vid":-1,"text":""},{"pid":1627207,"vid":-2,"text":""},{"pid":1627207,"vid":-3,"text":""},{"pid":1627207,"vid":-4,"text":""},{"pid":1627207,"vid":-5,"text":""},{"pid":1627207,"vid":-6,"text":""},{"pid":1627207,"vid":-7,"text":""},{"pid":1627207,"vid":-8,"text":""},{"pid":1627207,"vid":-9,"text":""},{"pid":1627207,"vid":-10,"text":""},{"pid":1627207,"vid":-11,"text":""},{"pid":1627207,"vid":-12,"text":""},{"pid":1627207,"vid":-13,"text":""},{"pid":1627207,"vid":-14,"text":""},{"pid":1627207,"vid":-15,"text":""},{"pid":1627207,"vid":-16,"text":""},{"pid":1627207,"vid":-17,"text":""},{"pid":1627207,"vid":-18,"text":""},{"pid":1627207,"vid":-19,"text":""},{"pid":1627207,"vid":-20,"text":""},{"pid":1627207,"vid":-21,"text":""},{"pid":1627207,"vid":-22,"text":""},{"pid":1627207,"vid":-23,"text":""},{"pid":1627207,"vid":-24,"text":""}] 
      }