{
    "standingDate": 0,
    "valTimeLeft": 17448,
    "isSevenDaysRefundment": false,
    "apiBeans": "//count.taobao.com/counter3?keys=ICCP_1_520813768867",
    "servItemExtend": null,
    "valPointRate": 0.5,
    "isAreaSell": false,
    "detail": {
        "cdn75": false,
        "isTeMai": false,
        "canEditInItemDet": true,
        "reviewListType": 1,
        "isHasQualification": false,
        "isHkItem": false,
        "canBuyInMobile": true,
        "isPreSellBrand": false,
        "isShowEcityDesc": false,
        "isNextDayService": false,
        "isCarYuEBao": false,
        "goNewAuctionFlow": false,
        "isAllowReport": true,
        "isAutoFinancing": false,
        "isHasPos": false,
        "showDiscountRecommend": false,
        "allowRate": true,
        "loginBeforeCart": false,
        "isNewMedical": false,
        "isCyclePurchase": false,
        "isShowEcityBasicSign": false,
        "autoccUser": false,
        "isRegionLevel": false,
        "isIFCShop": false,
        "pageType": "default",
        "isShowPreClosed": false,
        "addressLevel": 2,
        "isItemAllowSellerView": true,
        "isHiddenShopAction": false,
        "isHidePoi": false,
        "timeKillAuction": false,
        "isShowContentModuleTitle": false,
        "isContractPhoneItem": false,
        "isDownShelf": false,
        "isShowEcityVerticalSign": false,
        "isHkO2OItem": false,
        "isAliTelecomNew": false,
        "isNewAttraction": true,
        "defaultItemPrice": "328.00",
        "isCarService": false,
        "tryReportDisable": false,
        "isSkuMemorized": false,
        "isVitual3C": false,
        "isAlicomMasterCard": false,
        "quantityList": null,
        "is0YuanBuy": false,
        "show9sVideo": true,
        "buyNowStatus": 2,
        "shopSameCategoryUrl": "//amh.tmall.com/search.htm?search=y&categoryp=50000557&detail_nid=520813768867",
        "isH5NewLogin": true,
        "isPrescriptionDrug": false
    },
    "idsMod": [],
    "tmallRateType": 0,
    "isWTContract": false,
    "cmCatId": "-1",
    "storePacket": null,
    "valItemInfo": {
        "skuMap": {
            ";20509:28316;1627207:28338;": {
                "stock": 123,
                "skuId": 3104381150063,
                "price": "328.00",
                "priceCent": 32800
            },
            ";20509:28317;1627207:28338;": {
                "priceCent": 32800,
                "stock": 52,
                "price": "328.00",
                "skuId": 3104381150064
            },
            ";20509:28315;1627207:28338;": {
                "stock": 107,
                "price": "328.00",
                "skuId": 3104381150062,
                "priceCent": 32800
            },
            ";20509:28314;1627207:28338;": {
                "price": "328.00",
                "stock": 69,
                "priceCent": 32800,
                "skuId": 3104397817139
            }
        },
        "defSelected": [],
        "skuExtra": {
            "pickupPoints": null,
            "tickets": null
        },
        "skuPics": {
            ";1627207:28338;": "//img.alicdn.com/bao/uploaded/i4/849727411/TB23fryfFXXXXaNXXXXXXXXXXXX_!!849727411.jpg"
        },
        "salesProp": {},
        "skuName": [{
            "id": "20509",
            "text": "尺码",
            "values": [{
                "id": "28314",
                "text": "S"
            }, {
                "id": "28315",
                "text": "M"
            }, {
                "id": "28316",
                "text": "L"
            }, {
                "id": "28317",
                "text": "XL"
            }]
        }, {
            "id": "1627207",
            "text": "颜色",
            "values": [{
                "id": "28338",
                "text": "蓝色"
            }]
        }],
        "skuList": [{
            "names": "M 蓝色 ",
            "pvs": "20509:28315;1627207:28338",
            "skuId": 3104381150062
        }, {
            "skuId": 3104381150063,
            "names": "L 蓝色 ",
            "pvs": "20509:28316;1627207:28338"
        }, {
            "skuId": 3104381150064,
            "pvs": "20509:28317;1627207:28338",
            "names": "XL 蓝色 "
        }, {
            "names": "S 蓝色 ",
            "pvs": "20509:28314;1627207:28338",
            "skuId": 3104397817139
        }]
    },
    "isMultiPoint": false,
    "itemDO": {
        "isSecondKillFromMobile": false,
        "encryptSellerId": "UOmQSMGIuMmHY",
        "isInRepository": false,
        "brand": "AMH",
        "sellerNickName": "amh%E5%AE%98%E6%96%B9%E6%97%97%E8%88%B0%E5%BA%97",
        "sellProgressiveRate": "3_100_1.60;6_0_4.50;9_0_6.00",
        "shopIcon": "//img.alicdn.com/9d/47/T1bW56XllkXXartXjX.gif",
        "isNewProGroup": true,
        "rootCatId": "30",
        "imgVedioUrl": null,
        "cspuCategorySwitch": false,
        "spuId": "345662580",
        "imgVedioPic": null,
        "prov": "山东",
        "validatorUrl": "//store.taobao.com/tadget/shop_stats.htm",
        "title": "AMH男装韩版2015秋装新款时尚纯色提花修身男套头毛衣GR4048榵茤",
        "newProGroup": [{
            "groupName": "工艺/流行",
            "attrs": [{
                "name": "细分风格",
                "value": "精致韩风"
            }]
        }, {
            "groupName": "关键信息",
            "attrs": [{
                "name": "上市年份季节",
                "value": "2015年秋季"
            }, {
                "name": "材质成分",
                "value": "聚丙烯腈纤维(腈纶)55% 棉45%"
            }, {
                "name": "货号",
                "value": "GR4048"
            }, {
                "name": "销售渠道类型",
                "value": "纯电商(只在线上销售)"
            }, {
                "name": "厚薄",
                "value": "常规"
            }, {
                "name": "品牌",
                "value": "AMH"
            }, {
                "name": "基础风格",
                "value": "青春流行"
            }]
        }, {
            "groupName": "其他",
            "attrs": [{
                "name": "适用场景",
                "value": "休闲"
            }, {
                "name": "适用对象",
                "value": "青少年"
            }]
        }, {
            "groupName": "版型款式",
            "attrs": [{
                "name": "款式",
                "value": "套头"
            }, {
                "name": "版型",
                "value": "修身型"
            }, {
                "name": "领型",
                "value": "圆领"
            }, {
                "name": "款式细节",
                "value": "印花"
            }, {
                "name": "袖型",
                "value": "常规"
            }, {
                "name": "袖长",
                "value": "长袖"
            }]
        }],
        "itemId": "520813768867",
        "quantity": 351,
        "itemTaxRate": null,
        "isDcAsyn": true,
        "attachImgUrl": ["//img.alicdn.com/imgextra/i1/849727411/TB2Jz2QdVXXXXX5XpXXXXXXXXXX_!!849727411.jpg", "//img.alicdn.com/imgextra/i4/849727411/TB2CnP1dVXXXXcdXXXXXXXXXXXX_!!849727411.jpg"],
        "isBidden": false,
        "isSecondKillFromPC": false,
        "brandSpecialSold": "false",
        "feature": "1",
        "auctionType": "b",
        "weight": "0",
        "reservePrice": "328.00",
        "categoryId": "50000557",
        "baikeId": null,
        "userId": "849727411",
        "isOnline": true,
        "progressiveSupport": "false",
        "brandId": "4533216",
        "isElecCouponItem": false,
        "hasSku": true,
        "newAttraction": "罗纹圆领设计 修身款式 舒适面料 版型工整",
        "auctionStatus": "0",
        "isDefaultChooseTryBeforeBuy": false,
        "isSupportTryBeforeBuy": false,
        "isSecondKillFromPCAndWap": false,
        "brandSiteId": "0",
        "location": "山东",
        "mainPic": "//img.alicdn.com/bao/uploaded/i4/TB1zPcDJFXXXXaOXFXXXXXXXXXX_!!0-item_pic.jpg"
    },
    "isTmallComboSupport": true,
    "rstShopId": 70986937,
    "valPointTimes": 1,
    "isMeiz": false,
    "valCartInfo": {
        "statsUrl": "//go.mmstat.com/1.gif?logtype=2&category=cart_{loc}_50000557",
        "cartUrl": "//h5.m.taobao.com/awp/base/cart.htm",
        "itemId": "520813768867"
    },
    "isHouseholdService": false,
    "tradeConfig": {
        "1": "//h5.m.taobao.com/awp/base/buy.htm",
        "2": "//buy.m.tmall.com/order/confirmOrderWap.htm"
    },
    "cartEnable": true,
    "tag": {
        "isAsynDesc": true,
        "isShowHouseIcon": false,
        "isShowYuanchuanIcon": true,
        "isShowTryReport": false,
        "isShowMeiliXinde": false,
        "isRightRecommend": true,
        "isBrandSiteRightColumn": true,
        "isMedical": false,
        "isBrandAttr": true,
        "isShowEcityIcon": false
    },
    "valMode": 128,
    "isChaoshi": false,
    "isService": false,
    "api": {
        "myUrl": "//h5.m.taobao.com/my/index.htm#!myTaobao",
        "reUrl": "//u.m.taobao.com/reg/newUser.htm?pds=reg%23h%23",
        "logOutUrl": "//login.m.taobao.com/logout.htm?pds=logout%23h%23",
        "rateUrl": "//rate.tmall.com/list_detail_rate.htm",
        "loginUrl": "//login.tmall.com/?",
        "recommendUrl": "//aldcdn.tmall.com/recommend.htm?appId=03126&itemId=520813768867",
        "propertyUrl": "//mdetail.tmall.com/mobile/itemPackage.do?itemId=520813768867",
        "addFavUrl": "//fav.m.tmall.com/to_collection.htm?xid=0db2&pds=addfav#h#detail&itemNumId=520813768867",
        "httpsDescUrl": "//desc.alicdn.com/i2/520/810/520813768867/TB17H7uJFXXXXbZXXXX8qtpFXlX.desc%7Cvar%5Edesc%3Bsign%5E4a1a611df811b145eb7f95142961a7f7%3Blang%5Egbk%3Bt%5E1443505215",
        "descUrl": "//dsc.taobaocdn.com/i2/520/810/520813768867/TB17H7uJFXXXXbZXXXX8qtpFXlX.desc%7Cvar%5Edesc%3Bsign%5E4a1a611df811b145eb7f95142961a7f7%3Blang%5Egbk%3Bt%5E1443505215",
        "newWapDescJson": [{
            "enable": true,
            "component": "mui/shopcoupon/index",
            "moduleKey": "coupon",
            "moduleName": "优惠"
        }, {
            "data": [{
                "width": "750",
                "img": "https://img.alicdn.com/imgextra/i1/849727411/TB2S6N9fpXXXXaUXpXXXXXXXXXX_!!849727411.jpg",
                "height": "560"
            }, {
                "width": "750",
                "img": "https://img.alicdn.com/imgextra/i4/849727411/TB2wyhWfpXXXXcWXpXXXXXXXXXX_!!849727411.jpg",
                "height": "560"
            }, {
                "height": "560",
                "width": "750",
                "img": "https://img.alicdn.com/imgextra/i4/849727411/TB2fpmdfpXXXXX8XpXXXXXXXXXX_!!849727411.jpg"
            }, {
                "width": "750",
                "height": "560",
                "img": "https://img.alicdn.com/imgextra/i2/849727411/TB2mk01fpXXXXcBXpXXXXXXXXXX_!!849727411.jpg"
            }, {
                "img": "https://img.alicdn.com/imgextra/i4/849727411/TB2Dr9kfpXXXXcxXXXXXXXXXXXX_!!849727411.jpg",
                "height": "560",
                "width": "750"
            }, {
                "height": "560",
                "width": "750",
                "img": "https://img.alicdn.com/imgextra/i3/849727411/TB2W11dfpXXXXX2XpXXXXXXXXXX_!!849727411.jpg"
            }],
            "component": "mui/custommodule/index",
            "moduleName": "商品图片",
            "moduleKey": "item_picture",
            "enable": true
        }],
        "barterUrl": "//suggest.taobao.com/sug?area=app_detail&nid=520813768867",
        "newWapDescDynUrl": "//detailskip.taobao.com/json/wap/tmallH5Desc.do?itemId=520813768867&sellerId=849727411&isPreview=false"
    },
    "tagsId": "385,907,1163,1227,1478,1483,1675,1803,2049,2059,2123,2187,2443,2507,2635,3019,3851,3974,4107,4166,4171,4363,4491,4555,4614,4678,4801,4811,5835,5954,6145,6401,6411,6603,7105,7371,7947,8641,9153,10241,11329,12737,13825,15554,16321,17665,17793,17921,19841,20161,20417,20609,21057,21697,22081,22273,22337,24705,25282,28353,28802,29697,29889,30337,30401,30977,32577,44930,57026,59010,60418,62082,63042,82306",
    "tradeParams": {
        "_input_charset": "utf-8",
        "etm": "post",
        "buyNow": "true"
    }
}