{
    "data": [{
        "type": "image",
        "value": "https://img.alicdn.com/imgextra/i2/346360614/TB2bPV2fFXXXXckXpXXXXXXXXXX_!!346360614.jpg",
        "size": 39708
    }, {
        "type": "image",
        "value": "https://img.alicdn.com/imgextra/i1/346360614/TB2e6R2fFXXXXbEXpXXXXXXXXXX_!!346360614.jpg",
        "size": 57579
    }, {
        "type": "image",
        "value": "https://img.alicdn.com/imgextra/i3/346360614/TB2KASdfFXXXXcPXXXXXXXXXXXX_!!346360614.jpg",
        "size": 57874
    }, {
        "type": "image",
        "value": "https://img.alicdn.com/imgextra/i4/346360614/TB2DiCXfFXXXXXzXpXXXXXXXXXX_!!346360614.jpg",
        "size": 60787
    }, {
        "type": "image",
        "value": "https://img.alicdn.com/imgextra/i2/346360614/TB2_pClfFXXXXbgXXXXXXXXXXXX_!!346360614.jpg",
        "size": 80601
    }, {
        "type": "image",
        "value": "https://img.alicdn.com/imgextra/i1/346360614/TB2_5mkfFXXXXbbXXXXXXXXXXXX_!!346360614.jpg",
        "size": 60172
    }, {
        "type": "image",
        "value": "https://img.alicdn.com/imgextra/i3/346360614/TB2YzSdfFXXXXcIXXXXXXXXXXXX_!!346360614.jpg",
        "size": 87701
    }, {
        "type": "image",
        "value": "https://img.alicdn.com/imgextra/i3/346360614/TB2l9mffFXXXXbSXXXXXXXXXXXX_!!346360614.jpg",
        "size": 122186
    }, {
        "type": "image",
        "value": "https://img.alicdn.com/imgextra/i2/346360614/TB2aoOhfFXXXXbLXXXXXXXXXXXX_!!346360614.jpg",
        "size": 124012
    }, {
        "type": "image",
        "value": "https://img.alicdn.com/imgextra/i2/346360614/TB2o8t.fFXXXXXQXpXXXXXXXXXX_!!346360614.jpg",
        "size": 10417
    }]
}