 {
     "isSevenDaysRefundment": false,
     "valItemInfo": {
         "defSelected": [],
         "skuName": [{
             "id": "20518",
             "text": "尺码",
             "values": [{
                 "id": "71532504",
                 "text": "S/28"
             }, {
                 "id": "137286764",
                 "text": "M/30"
             }, {
                 "id": "101024977",
                 "text": "L/32"
             }, {
                 "id": "126738764",
                 "text": "XL/34"
             }, {
                 "id": "382464777",
                 "text": "XXL/36"
             }]
         }, {
             "id": "1627207",
             "text": "颜色",
             "values": [{
                 "id": "3232484",
                 "text": "浅蓝色"
             }, {
                 "id": "28340",
                 "text": "牛仔蓝色"
             }]
         }],
         "skuMap": {
             ";20518:101024977;1627207:28340;": {
                 "priceCent": 29800,
                 "skuId": 80007722823,
                 "price": "298.00",
                 "stock": 267
             },
             ";20518:137286764;1627207:28340;": {
                 "stock": 367,
                 "price": "298.00",
                 "skuId": 80007722827,
                 "priceCent": 29800
             },
             ";20518:71532504;1627207:28340;": {
                 "stock": 311,
                 "price": "298.00",
                 "priceCent": 29800,
                 "skuId": 80007722831
             },
             ";20518:382464777;1627207:3232484;": {
                 "priceCent": 29800,
                 "stock": 0,
                 "skuId": 80007722830,
                 "price": "298.00"
             },
             ";20518:137286764;1627207:3232484;": {
                 "stock": 27,
                 "priceCent": 29800,
                 "price": "298.00",
                 "skuId": 80007722828
             },
             ";20518:126738764;1627207:28340;": {
                 "price": "298.00",
                 "skuId": 80007722825,
                 "priceCent": 29800,
                 "stock": 0
             },
             ";20518:382464777;1627207:28340;": {
                 "stock": 0,
                 "priceCent": 29800,
                 "price": "298.00",
                 "skuId": 80007722829
             },
             ";20518:71532504;1627207:3232484;": {
                 "stock": 42,
                 "price": "298.00",
                 "priceCent": 29800,
                 "skuId": 80007722832
             },
             ";20518:126738764;1627207:3232484;": {
                 "priceCent": 29800,
                 "price": "298.00",
                 "skuId": 80007722826,
                 "stock": 61
             },
             ";20518:101024977;1627207:3232484;": {
                 "stock": 169,
                 "priceCent": 29800,
                 "price": "298.00",
                 "skuId": 80007722824
             }
         },
         "skuPics": {
             ";1627207:28340;": "//img.alicdn.com/bao/uploaded/i3/849727411/TB2C1n8fpXXXXbYXpXXXXXXXXXX_!!849727411.jpg",
             ";1627207:3232484;": "//img.alicdn.com/bao/uploaded/i4/849727411/TB2btBIdFXXXXaKXXXXXXXXXXXX_!!849727411.jpg"
         },
         "skuExtra": {
             "pickupPoints": null,
             "tickets": null
         },
         "skuList": [{
             "skuId": 80007722823,
             "pvs": "20518:101024977;1627207:28340",
             "names": "L/32 深蓝色 "
         }, {
             "pvs": "20518:101024977;1627207:3232484",
             "skuId": 80007722824,
             "names": "L/32 天蓝色 "
         }, {
             "skuId": 80007722825,
             "pvs": "20518:126738764;1627207:28340",
             "names": "XL/34 深蓝色 "
         }, {
             "names": "XL/34 天蓝色 ",
             "pvs": "20518:126738764;1627207:3232484",
             "skuId": 80007722826
         }, {
             "pvs": "20518:137286764;1627207:28340",
             "skuId": 80007722827,
             "names": "M/30 深蓝色 "
         }, {
             "names": "M/30 天蓝色 ",
             "skuId": 80007722828,
             "pvs": "20518:137286764;1627207:3232484"
         }, {
             "skuId": 80007722829,
             "pvs": "20518:382464777;1627207:28340",
             "names": "XXL/36 深蓝色 "
         }, {
             "pvs": "20518:382464777;1627207:3232484",
             "names": "XXL/36 天蓝色 ",
             "skuId": 80007722830
         }, {
             "skuId": 80007722831,
             "names": "S/28 深蓝色 ",
             "pvs": "20518:71532504;1627207:28340"
         }, {
             "skuId": 80007722832,
             "pvs": "20518:71532504;1627207:3232484",
             "names": "S/28 天蓝色 "
         }],
         "salesProp": {}
     },
     "isMultiPoint": false,
     "tmallRateType": 0,
     "servItemExtend": null,
     "idsMod": [],
     "tagsId": "385,907,1163,1227,1478,1483,1675,1803,2049,2059,2123,2187,2443,2507,2635,3019,3851,3974,4107,4166,4171,4363,4491,4555,4614,4678,4801,4811,5835,5954,6145,6401,6411,6603,7105,7371,7947,8578,8641,9153,10241,11329,12737,13825,15554,16321,17665,17793,17921,19841,20161,20417,20609,21057,21697,22081,22273,22337,24066,24705,25282,28098,28353,28802,29697,29889,30337,30401,30977,32577,44930,49858,56130,56194,57026,60418",
     "isAreaSell": false,
     "rstShopId": 70986937,
     "isHouseholdService": false,
     "isMeiz": false,
     "isChaoshi": false,
     "api": {
         "reUrl": "//u.m.taobao.com/reg/newUser.htm?pds=reg%23h%23",
         "recommendUrl": "//aldcdn.tmall.com/recommend.htm?appId=03126&itemId=18959526273",
         "loginUrl": "//login.tmall.com/?",
         "descUrl": "//dsc.taobaocdn.com/i6/181/590/18959526273/TB1CBxeJFXXXXXPXFXX8qtpFXlX.desc%7Cvar%5Edesc%3Bsign%5Efbe897eb2209e88aa17003ecd05c69ed%3Blang%5Egbk%3Bt%5E1443067256",
         "logOutUrl": "//login.m.taobao.com/logout.htm?pds=logout%23h%23",
         "barterUrl": "//suggest.taobao.com/sug?area=app_detail&nid=18959526273",
         "rateUrl": "//rate.tmall.com/list_detail_rate.htm",
         "addFavUrl": "//fav.m.tmall.com/to_collection.htm?xid=0db2&pds=addfav#h#detail&itemNumId=18959526273",
         "myUrl": "//h5.m.taobao.com/my/index.htm#!myTaobao",
         "propertyUrl": "//mdetail.tmall.com/mobile/itemPackage.do?itemId=18959526273",
         "httpsDescUrl": "//desc.alicdn.com/i6/181/590/18959526273/TB1CBxeJFXXXXXPXFXX8qtpFXlX.desc%7Cvar%5Edesc%3Bsign%5Efbe897eb2209e88aa17003ecd05c69ed%3Blang%5Egbk%3Bt%5E1443067256"
     },
     "isWTContract": false,
     "valCartInfo": {
         "itemId": "18959526273",
         "cartUrl": "//h5.m.taobao.com/awp/base/cart.htm",
         "statsUrl": "//go.mmstat.com/1.gif?logtype=2&category=cart_{loc}_50010167"
     },
     "isTmallComboSupport": true,
     "apiBeans": "//count.taobao.com/counter3?keys=ICCP_1_18959526273",
     "cartEnable": true,
     "storePacket": null,
     "tradeParams": {
         "_input_charset": "utf-8",
         "etm": "post",
         "buyNow": "true"
     },
     "itemDO": {
         "newAttraction": "修身版型 舒适面料 个性水洗工艺 休闲百搭",
         "isDefaultChooseTryBeforeBuy": false,
         "quantity": 1244,
         "attachImgUrl": [],
         "auctionType": "b",
         "weight": "0",
         "feature": "1",
         "location": "山东",
         "isInRepository": false,
         "itemTaxRate": null,
         "cspuCategorySwitch": false,
         "spuId": "222350275",
         "baikeId": null,
         "shopIcon": "//img.alicdn.com/9d/47/T1bW56XllkXXartXjX.gif",
         "userId": "849727411",
         "isNewProGroup": true,
         "sellProgressiveRate": "3_100_1.60;6_0_4.50;9_0_6.00",
         "isOnline": true,
         "prov": "山东",
         "reservePrice": "298.00",
         "categoryId": "50010167",
         "encryptSellerId": "UOmQSMGIuMmHY",
         "brandSiteId": "0",
         "newProGroup": [{
             "groupName": "工艺/流行",
             "attrs": [{
                 "name": "工艺处理",
                 "value": "猫须"
             }, {
                 "name": "洗水工艺",
                 "value": "水洗"
             }, {
                 "name": "细分风格",
                 "value": "精致韩风"
             }]
         }, {
             "groupName": "关键信息",
             "attrs": [{
                 "name": "上市年份季节",
                 "value": "2015年秋季"
             }, {
                 "name": "货号",
                 "value": "NZ2508"
             }, {
                 "name": "销售渠道类型",
                 "value": "纯电商(只在线上销售)"
             }, {
                 "name": "牛仔面料",
                 "value": "常规牛仔布"
             }, {
                 "name": "品牌",
                 "value": "AMH"
             }, {
                 "name": "弹力",
                 "value": "微弹"
             }, {
                 "name": "厚薄",
                 "value": "常规"
             }, {
                 "name": "基础风格",
                 "value": "时尚都市"
             }]
         }, {
             "groupName": "其他",
             "attrs": [{
                 "name": "适用对象",
                 "value": "青年"
             }]
         }, {
             "groupName": "版型款式",
             "attrs": [{
                 "name": "裤长",
                 "value": "长裤"
             }, {
                 "name": "腰型",
                 "value": "中腰"
             }, {
                 "name": "裤脚口款式",
                 "value": "铅笔裤"
             }, {
                 "name": "裤门襟",
                 "value": "拉链"
             }, {
                 "name": "款式版型",
                 "value": "修身小脚"
             }]
         }],
         "imgVedioPic": null,
         "sellerNickName": "amh%E5%AE%98%E6%96%B9%E6%97%97%E8%88%B0%E5%BA%97",
         "progressiveSupport": "false",
         "imgVedioUrl": null,
         "isElecCouponItem": false,
         "isSecondKillFromMobile": false,
         "brandSpecialSold": "false",
         "brand": "AMH",
         "isSupportTryBeforeBuy": false,
         "itemId": "18959526273",
         "isBidden": false,
         "auctionStatus": "0",
         "isSecondKillFromPC": false,
         "isSecondKillFromPCAndWap": false,
         "mainPic": "//img.alicdn.com/bao/uploaded/i4/TB1aKBSIFXXXXXjXXXXXXXXXXXX_!!0-item_pic.jpg",
         "title": "AMH男装韩版2015秋装新款修身水洗微弹牛仔裤长裤NZ2508燊",
         "brandId": "4533216",
         "rootCatId": "30",
         "hasSku": true,
         "validatorUrl": "//store.taobao.com/tadget/shop_stats.htm",
         "isDcAsyn": true
     },
     "cmCatId": "-1",
     "valMode": 128,
     "tradeConfig": {
         "1": "//h5.m.taobao.com/awp/base/buy.htm",
         "2": "//buy.m.tmall.com/order/confirmOrderWap.htm"
     },
     "standingDate": 0,
     "isService": false,
     "tag": {
         "isShowHouseIcon": false,
         "isShowEcityIcon": false,
         "isRightRecommend": true,
         "isMedical": false,
         "isShowMeiliXinde": false,
         "isBrandAttr": true,
         "isAsynDesc": true,
         "isBrandSiteRightColumn": true,
         "isShowTryReport": false,
         "isShowYuanchuanIcon": true
     },
     "detail": {
         "reviewListType": 1,
         "tryReportDisable": false,
         "isCarYuEBao": false,
         "isH5NewLogin": true,
         "isAutoFinancing": false,
         "isHidePoi": false,
         "isCarService": false,
         "canBuyInMobile": true,
         "buyNowStatus": 2,
         "isSkuMemorized": false,
         "autoccUser": false,
         "isHkItem": false,
         "isShowContentModuleTitle": false,
         "isAliTelecomNew": false,
         "isShowEcityDesc": false,
         "isCyclePurchase": false,
         "pageType": "default",
         "cdn75": false,
         "isDownShelf": false,
         "goNewAuctionFlow": false,
         "isHkO2OItem": false,
         "isItemAllowSellerView": true,
         "isAlicomMasterCard": false,
         "allowRate": true,
         "isNewAttraction": true,
         "isContractPhoneItem": false,
         "isShowEcityVerticalSign": false,
         "isAllowReport": true,
         "isPreSellBrand": false,
         "isPrescriptionDrug": false,
         "isHiddenShopAction": false,
         "loginBeforeCart": false,
         "quantityList": null,
         "addressLevel": 2,
         "isRegionLevel": false,
         "isShowPreClosed": false,
         "shopSameCategoryUrl": "//amh.tmall.com/search.htm?search=y&categoryp=50010167&detail_nid=18959526273",
         "isIFCShop": false,
         "defaultItemPrice": "298.00",
         "isVitual3C": false,
         "isHasPos": false,
         "isShowEcityBasicSign": false,
         "isNextDayService": false,
         "timeKillAuction": false,
         "show9sVideo": true,
         "canEditInItemDet": true,
         "showDiscountRecommend": false,
         "isHasQualification": false,
         "is0YuanBuy": false,
         "isTeMai": false,
         "isNewMedical": false
     },
     "valPointTimes": 1,
     "valTimeLeft": 87506,
     "valPointRate": 0.5
 }
